{"keyset":{"lweSecretKeys":[{"id":0,"params":{"lweDimension":2048,"integerPrecision":64,"keyType":"binary"}},{"id":1,"params":{"lweDimension":695,"integerPrecision":64,"keyType":"binary"}},{"id":2,"params":{"lweDimension":4096,"integerPrecision":64,"keyType":"binary"}},{"id":3,"params":{"lweDimension":787,"integerPrecision":64,"keyType":"binary"}},{"id":4,"params":{"lweDimension":2048,"integerPrecision":64,"keyType":"binary"}},{"id":5,"params":{"lweDimension":771,"integerPrecision":64,"keyType":"binary"}}],"lweBootstrapKeys":[{"id":0,"inputId":1,"outputId":0,"params":{"levelCount":1,"baseLog":23,"glweDimension":4,"polynomialSize":512,"variance":8.4422531129329586e-31,"integerPrecision":64,"modulus":{"modulus":{"native":{}}},"keyType":"binary","inputLweDimension":695},"compression":"seed"},{"id":1,"inputId":3,"outputId":2,"params":{"levelCount":3,"baseLog":11,"glweDimension":1,"polynomialSize":4096,"variance":4.70197740328915e-38,"integerPrecision":64,"modulus":{"modulus":{"native":{}}},"keyType":"binary","inputLweDimension":787},"compression":"seed"},{"id":2,"inputId":5,"outputId":4,"params":{"levelCount":2,"baseLog":15,"glweDimension":1,"polynomialSize":2048,"variance":8.4422531129329586e-31,"integerPrecision":64,"modulus":{"modulus":{"native":{}}},"keyType":"binary","inputLweDimension":771},"compression":"seed"}],"lweKeyswitchKeys":[{"id":0,"inputId":0,"outputId":1,"params":{"levelCount":2,"baseLog":5,"variance":7.2231157266768252e-10,"integerPrecision":64,"modulus":{"modulus":{"native":{}}},"keyType":"binary","inputLweDimension":2048,"outputLweDimension":695},"compression":"seed"},{"id":1,"inputId":0,"outputId":3,"params":{"levelCount":8,"baseLog":2,"variance":2.7251621928296953e-11,"integerPrecision":64,"modulus":{"modulus":{"native":{}}},"keyType":"binary","inputLweDimension":2048,"outputLweDimension":787},"compression":"seed"},{"id":2,"inputId":2,"outputId":0,"params":{"levelCount":2,"baseLog":17,"variance":8.4422531129329586e-31,"integerPrecision":64,"modulus":{"modulus":{"native":{}}},"keyType":"binary","inputLweDimension":4096,"outputLweDimension":2048},"compression":"seed"},{"id":3,"inputId":0,"outputId":5,"params":{"levelCount":5,"baseLog":3,"variance":4.8186834012187826e-11,"integerPrecision":64,"modulus":{"modulus":{"native":{}}},"keyType":"binary","inputLweDimension":2048,"outputLweDimension":771},"compression":"seed"},{"id":4,"inputId":4,"outputId":0,"params":{"levelCount":2,"baseLog":17,"variance":8.4422531129329586e-31,"integerPrecision":64,"modulus":{"modulus":{"native":{}}},"keyType":"binary","inputLweDimension":2048,"outputLweDimension":2048},"compression":"seed"}],"packingKeyswitchKeys":[]},"circuits":[{"inputs":[{"rawInfo":{"shape":{"dimensions":[1,55,3]},"integerPrecision":64,"isSigned":false},"typeInfo":{"lweCiphertext":{"abstractShape":{"dimensions":[1,55]},"concreteShape":{"dimensions":[1,55,3]},"integerPrecision":64,"encryption":{"keyId":0,"variance":8.4422531129329586e-31,"lweDimension":2048,"modulus":{"modulus":{"native":{}}}},"compression":"seed","encoding":{"integer":{"width":8,"isSigned":false,"mode":{"native":{}}}}}}}],"outputs":[{"rawInfo":{"shape":{"dimensions":[1,5,4097]},"integerPrecision":64,"isSigned":false},"typeInfo":{"lweCiphertext":{"abstractShape":{"dimensions":[1,5]},"concreteShape":{"dimensions":[1,5,4097]},"integerPrecision":64,"encryption":{"keyId":2,"variance":4.70197740328915e-38,"lweDimension":4096,"modulus":{"modulus":{"native":{}}}},"compression":"none","encoding":{"integer":{"width":11,"isSigned":true,"mode":{"native":{}}}}}}}],"name":"main"}]}