{
  "circuitFeedbacks": [
    {
      "crtDecompositionsOfOutputs": [
        []
      ],
      "memoryUsagePerLoc": {
        "loc(\"/usr/local/lib/python3.8/dist-packages/concrete/ml/quantization/quantized_ops.py\":449:0)": 14458184,
        "loc(\"/usr/local/lib/python3.8/dist-packages/concrete/ml/quantization/quantizers.py\":774:0)": 18150032,
        "loc(\"@/features/fc0/Gemm.matmul | /usr/local/lib/python3.8/dist-packages/concrete/ml/quantization/quantized_ops.py\":381:0)": 5454244,
        "loc(\"@/features/fc0/Gemm.matmul_rounding | /usr/local/lib/python3.8/dist-packages/concrete/ml/quantization/base_quantized_op.py\":1015:0)": 7550544,
        "loc(\"@/features/fc1/Gemm.matmul | /usr/local/lib/python3.8/dist-packages/concrete/ml/quantization/quantized_ops.py\":381:0)": 10899904,
        "loc(\"@/features/fc1/Gemm.matmul_rounding | /usr/local/lib/python3.8/dist-packages/concrete/ml/quantization/base_quantized_op.py\":1015:0)": 7764992,
        "loc(\"@/features/fc2/Gemm.matmul | /usr/local/lib/python3.8/dist-packages/concrete/ml/quantization/quantized_ops.py\":381:0)": 7328324,
        "loc(unknown)": 81960
      },
      "name": "main",
      "statistics": [
        {
          "count": 12100,
          "keys": [
            [
              "SECRET",
              0
            ]
          ],
          "location": "loc(\"@/features/fc0/Gemm.matmul | /usr/local/lib/python3.8/dist-packages/concrete/ml/quantization/quantized_ops.py\":381:0)",
          "operation": "CLEAR_MULTIPLICATION"
        },
        {
          "count": 12100,
          "keys": [
            [
              "SECRET",
              0
            ]
          ],
          "location": "loc(\"@/features/fc0/Gemm.matmul | /usr/local/lib/python3.8/dist-packages/concrete/ml/quantization/quantized_ops.py\":381:0)",
          "operation": "ENCRYPTED_ADDITION"
        },
        {
          "count": 220,
          "keys": [
            [
              "SECRET",
              0
            ]
          ],
          "location": "loc(\"/usr/local/lib/python3.8/dist-packages/concrete/ml/quantization/quantized_ops.py\":449:0)",
          "operation": "CLEAR_ADDITION"
        },
        {
          "count": 220,
          "keys": [
            [
              "SECRET",
              0
            ]
          ],
          "location": "loc(\"@/features/fc0/Gemm.matmul_rounding | /usr/local/lib/python3.8/dist-packages/concrete/ml/quantization/base_quantized_op.py\":1015:0)",
          "operation": "CLEAR_ADDITION"
        },
        {
          "count": 220,
          "keys": [
            [
              "SECRET",
              0
            ]
          ],
          "location": "loc(\"@/features/fc0/Gemm.matmul_rounding | /usr/local/lib/python3.8/dist-packages/concrete/ml/quantization/base_quantized_op.py\":1015:0)",
          "operation": "CLEAR_MULTIPLICATION"
        },
        {
          "count": 220,
          "keys": [
            [
              "SECRET",
              0
            ]
          ],
          "location": "loc(\"@/features/fc0/Gemm.matmul_rounding | /usr/local/lib/python3.8/dist-packages/concrete/ml/quantization/base_quantized_op.py\":1015:0)",
          "operation": "CLEAR_ADDITION"
        },
        {
          "count": 220,
          "keys": [
            [
              "KEY_SWITCH",
              0
            ]
          ],
          "location": "loc(\"@/features/fc0/Gemm.matmul_rounding | /usr/local/lib/python3.8/dist-packages/concrete/ml/quantization/base_quantized_op.py\":1015:0)",
          "operation": "KEY_SWITCH"
        },
        {
          "count": 220,
          "keys": [
            [
              "BOOTSTRAP",
              0
            ]
          ],
          "location": "loc(\"@/features/fc0/Gemm.matmul_rounding | /usr/local/lib/python3.8/dist-packages/concrete/ml/quantization/base_quantized_op.py\":1015:0)",
          "operation": "PBS"
        },
        {
          "count": 220,
          "keys": [
            [
              "SECRET",
              0
            ]
          ],
          "location": "loc(\"@/features/fc0/Gemm.matmul_rounding | /usr/local/lib/python3.8/dist-packages/concrete/ml/quantization/base_quantized_op.py\":1015:0)",
          "operation": "CLEAR_ADDITION"
        },
        {
          "count": 220,
          "keys": [
            [
              "SECRET",
              0
            ]
          ],
          "location": "loc(\"@/features/fc0/Gemm.matmul_rounding | /usr/local/lib/python3.8/dist-packages/concrete/ml/quantization/base_quantized_op.py\":1015:0)",
          "operation": "ENCRYPTED_NEGATION"
        },
        {
          "count": 220,
          "keys": [
            [
              "SECRET",
              0
            ]
          ],
          "location": "loc(\"@/features/fc0/Gemm.matmul_rounding | /usr/local/lib/python3.8/dist-packages/concrete/ml/quantization/base_quantized_op.py\":1015:0)",
          "operation": "ENCRYPTED_ADDITION"
        },
        {
          "count": 220,
          "keys": [
            [
              "SECRET",
              0
            ]
          ],
          "location": "loc(\"@/features/fc0/Gemm.matmul_rounding | /usr/local/lib/python3.8/dist-packages/concrete/ml/quantization/base_quantized_op.py\":1015:0)",
          "operation": "CLEAR_MULTIPLICATION"
        },
        {
          "count": 220,
          "keys": [
            [
              "SECRET",
              0
            ]
          ],
          "location": "loc(\"@/features/fc0/Gemm.matmul_rounding | /usr/local/lib/python3.8/dist-packages/concrete/ml/quantization/base_quantized_op.py\":1015:0)",
          "operation": "CLEAR_ADDITION"
        },
        {
          "count": 220,
          "keys": [
            [
              "KEY_SWITCH",
              0
            ]
          ],
          "location": "loc(\"@/features/fc0/Gemm.matmul_rounding | /usr/local/lib/python3.8/dist-packages/concrete/ml/quantization/base_quantized_op.py\":1015:0)",
          "operation": "KEY_SWITCH"
        },
        {
          "count": 220,
          "keys": [
            [
              "BOOTSTRAP",
              0
            ]
          ],
          "location": "loc(\"@/features/fc0/Gemm.matmul_rounding | /usr/local/lib/python3.8/dist-packages/concrete/ml/quantization/base_quantized_op.py\":1015:0)",
          "operation": "PBS"
        },
        {
          "count": 220,
          "keys": [
            [
              "SECRET",
              0
            ]
          ],
          "location": "loc(\"@/features/fc0/Gemm.matmul_rounding | /usr/local/lib/python3.8/dist-packages/concrete/ml/quantization/base_quantized_op.py\":1015:0)",
          "operation": "CLEAR_ADDITION"
        },
        {
          "count": 220,
          "keys": [
            [
              "SECRET",
              0
            ]
          ],
          "location": "loc(\"@/features/fc0/Gemm.matmul_rounding | /usr/local/lib/python3.8/dist-packages/concrete/ml/quantization/base_quantized_op.py\":1015:0)",
          "operation": "ENCRYPTED_NEGATION"
        },
        {
          "count": 220,
          "keys": [
            [
              "SECRET",
              0
            ]
          ],
          "location": "loc(\"@/features/fc0/Gemm.matmul_rounding | /usr/local/lib/python3.8/dist-packages/concrete/ml/quantization/base_quantized_op.py\":1015:0)",
          "operation": "ENCRYPTED_ADDITION"
        },
        {
          "count": 220,
          "keys": [
            [
              "SECRET",
              0
            ]
          ],
          "location": "loc(\"@/features/fc0/Gemm.matmul_rounding | /usr/local/lib/python3.8/dist-packages/concrete/ml/quantization/base_quantized_op.py\":1015:0)",
          "operation": "CLEAR_MULTIPLICATION"
        },
        {
          "count": 220,
          "keys": [
            [
              "SECRET",
              0
            ]
          ],
          "location": "loc(\"@/features/fc0/Gemm.matmul_rounding | /usr/local/lib/python3.8/dist-packages/concrete/ml/quantization/base_quantized_op.py\":1015:0)",
          "operation": "CLEAR_ADDITION"
        },
        {
          "count": 220,
          "keys": [
            [
              "KEY_SWITCH",
              0
            ]
          ],
          "location": "loc(\"@/features/fc0/Gemm.matmul_rounding | /usr/local/lib/python3.8/dist-packages/concrete/ml/quantization/base_quantized_op.py\":1015:0)",
          "operation": "KEY_SWITCH"
        },
        {
          "count": 220,
          "keys": [
            [
              "BOOTSTRAP",
              0
            ]
          ],
          "location": "loc(\"@/features/fc0/Gemm.matmul_rounding | /usr/local/lib/python3.8/dist-packages/concrete/ml/quantization/base_quantized_op.py\":1015:0)",
          "operation": "PBS"
        },
        {
          "count": 220,
          "keys": [
            [
              "SECRET",
              0
            ]
          ],
          "location": "loc(\"@/features/fc0/Gemm.matmul_rounding | /usr/local/lib/python3.8/dist-packages/concrete/ml/quantization/base_quantized_op.py\":1015:0)",
          "operation": "CLEAR_ADDITION"
        },
        {
          "count": 220,
          "keys": [
            [
              "SECRET",
              0
            ]
          ],
          "location": "loc(\"@/features/fc0/Gemm.matmul_rounding | /usr/local/lib/python3.8/dist-packages/concrete/ml/quantization/base_quantized_op.py\":1015:0)",
          "operation": "ENCRYPTED_NEGATION"
        },
        {
          "count": 220,
          "keys": [
            [
              "SECRET",
              0
            ]
          ],
          "location": "loc(\"@/features/fc0/Gemm.matmul_rounding | /usr/local/lib/python3.8/dist-packages/concrete/ml/quantization/base_quantized_op.py\":1015:0)",
          "operation": "ENCRYPTED_ADDITION"
        },
        {
          "count": 220,
          "keys": [
            [
              "SECRET",
              0
            ]
          ],
          "location": "loc(\"/usr/local/lib/python3.8/dist-packages/concrete/ml/quantization/quantizers.py\":774:0)",
          "operation": "CLEAR_ADDITION"
        },
        {
          "count": 220,
          "keys": [
            [
              "KEY_SWITCH",
              1
            ]
          ],
          "location": "loc(\"/usr/local/lib/python3.8/dist-packages/concrete/ml/quantization/quantizers.py\":774:0)",
          "operation": "KEY_SWITCH"
        },
        {
          "count": 220,
          "keys": [
            [
              "BOOTSTRAP",
              1
            ]
          ],
          "location": "loc(\"/usr/local/lib/python3.8/dist-packages/concrete/ml/quantization/quantizers.py\":774:0)",
          "operation": "PBS"
        },
        {
          "count": 220,
          "keys": [
            [
              "KEY_SWITCH",
              2
            ]
          ],
          "location": "loc(\"/usr/local/lib/python3.8/dist-packages/concrete/ml/quantization/quantizers.py\":774:0)",
          "operation": "KEY_SWITCH"
        },
        {
          "count": 48400,
          "keys": [
            [
              "SECRET",
              0
            ]
          ],
          "location": "loc(\"@/features/fc1/Gemm.matmul | /usr/local/lib/python3.8/dist-packages/concrete/ml/quantization/quantized_ops.py\":381:0)",
          "operation": "CLEAR_MULTIPLICATION"
        },
        {
          "count": 48400,
          "keys": [
            [
              "SECRET",
              0
            ]
          ],
          "location": "loc(\"@/features/fc1/Gemm.matmul | /usr/local/lib/python3.8/dist-packages/concrete/ml/quantization/quantized_ops.py\":381:0)",
          "operation": "ENCRYPTED_ADDITION"
        },
        {
          "count": 220,
          "keys": [
            [
              "SECRET",
              0
            ]
          ],
          "location": "loc(\"/usr/local/lib/python3.8/dist-packages/concrete/ml/quantization/quantized_ops.py\":449:0)",
          "operation": "CLEAR_ADDITION"
        },
        {
          "count": 220,
          "keys": [
            [
              "SECRET",
              0
            ]
          ],
          "location": "loc(\"@/features/fc1/Gemm.matmul_rounding | /usr/local/lib/python3.8/dist-packages/concrete/ml/quantization/base_quantized_op.py\":1015:0)",
          "operation": "CLEAR_ADDITION"
        },
        {
          "count": 220,
          "keys": [
            [
              "SECRET",
              0
            ]
          ],
          "location": "loc(\"@/features/fc1/Gemm.matmul_rounding | /usr/local/lib/python3.8/dist-packages/concrete/ml/quantization/base_quantized_op.py\":1015:0)",
          "operation": "CLEAR_MULTIPLICATION"
        },
        {
          "count": 220,
          "keys": [
            [
              "SECRET",
              0
            ]
          ],
          "location": "loc(\"@/features/fc1/Gemm.matmul_rounding | /usr/local/lib/python3.8/dist-packages/concrete/ml/quantization/base_quantized_op.py\":1015:0)",
          "operation": "CLEAR_ADDITION"
        },
        {
          "count": 220,
          "keys": [
            [
              "KEY_SWITCH",
              0
            ]
          ],
          "location": "loc(\"@/features/fc1/Gemm.matmul_rounding | /usr/local/lib/python3.8/dist-packages/concrete/ml/quantization/base_quantized_op.py\":1015:0)",
          "operation": "KEY_SWITCH"
        },
        {
          "count": 220,
          "keys": [
            [
              "BOOTSTRAP",
              0
            ]
          ],
          "location": "loc(\"@/features/fc1/Gemm.matmul_rounding | /usr/local/lib/python3.8/dist-packages/concrete/ml/quantization/base_quantized_op.py\":1015:0)",
          "operation": "PBS"
        },
        {
          "count": 220,
          "keys": [
            [
              "SECRET",
              0
            ]
          ],
          "location": "loc(\"@/features/fc1/Gemm.matmul_rounding | /usr/local/lib/python3.8/dist-packages/concrete/ml/quantization/base_quantized_op.py\":1015:0)",
          "operation": "CLEAR_ADDITION"
        },
        {
          "count": 220,
          "keys": [
            [
              "SECRET",
              0
            ]
          ],
          "location": "loc(\"@/features/fc1/Gemm.matmul_rounding | /usr/local/lib/python3.8/dist-packages/concrete/ml/quantization/base_quantized_op.py\":1015:0)",
          "operation": "ENCRYPTED_NEGATION"
        },
        {
          "count": 220,
          "keys": [
            [
              "SECRET",
              0
            ]
          ],
          "location": "loc(\"@/features/fc1/Gemm.matmul_rounding | /usr/local/lib/python3.8/dist-packages/concrete/ml/quantization/base_quantized_op.py\":1015:0)",
          "operation": "ENCRYPTED_ADDITION"
        },
        {
          "count": 220,
          "keys": [
            [
              "SECRET",
              0
            ]
          ],
          "location": "loc(\"@/features/fc1/Gemm.matmul_rounding | /usr/local/lib/python3.8/dist-packages/concrete/ml/quantization/base_quantized_op.py\":1015:0)",
          "operation": "CLEAR_MULTIPLICATION"
        },
        {
          "count": 220,
          "keys": [
            [
              "SECRET",
              0
            ]
          ],
          "location": "loc(\"@/features/fc1/Gemm.matmul_rounding | /usr/local/lib/python3.8/dist-packages/concrete/ml/quantization/base_quantized_op.py\":1015:0)",
          "operation": "CLEAR_ADDITION"
        },
        {
          "count": 220,
          "keys": [
            [
              "KEY_SWITCH",
              0
            ]
          ],
          "location": "loc(\"@/features/fc1/Gemm.matmul_rounding | /usr/local/lib/python3.8/dist-packages/concrete/ml/quantization/base_quantized_op.py\":1015:0)",
          "operation": "KEY_SWITCH"
        },
        {
          "count": 220,
          "keys": [
            [
              "BOOTSTRAP",
              0
            ]
          ],
          "location": "loc(\"@/features/fc1/Gemm.matmul_rounding | /usr/local/lib/python3.8/dist-packages/concrete/ml/quantization/base_quantized_op.py\":1015:0)",
          "operation": "PBS"
        },
        {
          "count": 220,
          "keys": [
            [
              "SECRET",
              0
            ]
          ],
          "location": "loc(\"@/features/fc1/Gemm.matmul_rounding | /usr/local/lib/python3.8/dist-packages/concrete/ml/quantization/base_quantized_op.py\":1015:0)",
          "operation": "CLEAR_ADDITION"
        },
        {
          "count": 220,
          "keys": [
            [
              "SECRET",
              0
            ]
          ],
          "location": "loc(\"@/features/fc1/Gemm.matmul_rounding | /usr/local/lib/python3.8/dist-packages/concrete/ml/quantization/base_quantized_op.py\":1015:0)",
          "operation": "ENCRYPTED_NEGATION"
        },
        {
          "count": 220,
          "keys": [
            [
              "SECRET",
              0
            ]
          ],
          "location": "loc(\"@/features/fc1/Gemm.matmul_rounding | /usr/local/lib/python3.8/dist-packages/concrete/ml/quantization/base_quantized_op.py\":1015:0)",
          "operation": "ENCRYPTED_ADDITION"
        },
        {
          "count": 220,
          "keys": [
            [
              "SECRET",
              0
            ]
          ],
          "location": "loc(\"@/features/fc1/Gemm.matmul_rounding | /usr/local/lib/python3.8/dist-packages/concrete/ml/quantization/base_quantized_op.py\":1015:0)",
          "operation": "CLEAR_MULTIPLICATION"
        },
        {
          "count": 220,
          "keys": [
            [
              "SECRET",
              0
            ]
          ],
          "location": "loc(\"@/features/fc1/Gemm.matmul_rounding | /usr/local/lib/python3.8/dist-packages/concrete/ml/quantization/base_quantized_op.py\":1015:0)",
          "operation": "CLEAR_ADDITION"
        },
        {
          "count": 220,
          "keys": [
            [
              "KEY_SWITCH",
              0
            ]
          ],
          "location": "loc(\"@/features/fc1/Gemm.matmul_rounding | /usr/local/lib/python3.8/dist-packages/concrete/ml/quantization/base_quantized_op.py\":1015:0)",
          "operation": "KEY_SWITCH"
        },
        {
          "count": 220,
          "keys": [
            [
              "BOOTSTRAP",
              0
            ]
          ],
          "location": "loc(\"@/features/fc1/Gemm.matmul_rounding | /usr/local/lib/python3.8/dist-packages/concrete/ml/quantization/base_quantized_op.py\":1015:0)",
          "operation": "PBS"
        },
        {
          "count": 220,
          "keys": [
            [
              "SECRET",
              0
            ]
          ],
          "location": "loc(\"@/features/fc1/Gemm.matmul_rounding | /usr/local/lib/python3.8/dist-packages/concrete/ml/quantization/base_quantized_op.py\":1015:0)",
          "operation": "CLEAR_ADDITION"
        },
        {
          "count": 220,
          "keys": [
            [
              "SECRET",
              0
            ]
          ],
          "location": "loc(\"@/features/fc1/Gemm.matmul_rounding | /usr/local/lib/python3.8/dist-packages/concrete/ml/quantization/base_quantized_op.py\":1015:0)",
          "operation": "ENCRYPTED_NEGATION"
        },
        {
          "count": 220,
          "keys": [
            [
              "SECRET",
              0
            ]
          ],
          "location": "loc(\"@/features/fc1/Gemm.matmul_rounding | /usr/local/lib/python3.8/dist-packages/concrete/ml/quantization/base_quantized_op.py\":1015:0)",
          "operation": "ENCRYPTED_ADDITION"
        },
        {
          "count": 220,
          "keys": [
            [
              "SECRET",
              0
            ]
          ],
          "location": "loc(\"@/features/fc1/Gemm.matmul_rounding | /usr/local/lib/python3.8/dist-packages/concrete/ml/quantization/base_quantized_op.py\":1015:0)",
          "operation": "CLEAR_MULTIPLICATION"
        },
        {
          "count": 220,
          "keys": [
            [
              "SECRET",
              0
            ]
          ],
          "location": "loc(\"@/features/fc1/Gemm.matmul_rounding | /usr/local/lib/python3.8/dist-packages/concrete/ml/quantization/base_quantized_op.py\":1015:0)",
          "operation": "CLEAR_ADDITION"
        },
        {
          "count": 220,
          "keys": [
            [
              "KEY_SWITCH",
              0
            ]
          ],
          "location": "loc(\"@/features/fc1/Gemm.matmul_rounding | /usr/local/lib/python3.8/dist-packages/concrete/ml/quantization/base_quantized_op.py\":1015:0)",
          "operation": "KEY_SWITCH"
        },
        {
          "count": 220,
          "keys": [
            [
              "BOOTSTRAP",
              0
            ]
          ],
          "location": "loc(\"@/features/fc1/Gemm.matmul_rounding | /usr/local/lib/python3.8/dist-packages/concrete/ml/quantization/base_quantized_op.py\":1015:0)",
          "operation": "PBS"
        },
        {
          "count": 220,
          "keys": [
            [
              "SECRET",
              0
            ]
          ],
          "location": "loc(\"@/features/fc1/Gemm.matmul_rounding | /usr/local/lib/python3.8/dist-packages/concrete/ml/quantization/base_quantized_op.py\":1015:0)",
          "operation": "CLEAR_ADDITION"
        },
        {
          "count": 220,
          "keys": [
            [
              "SECRET",
              0
            ]
          ],
          "location": "loc(\"@/features/fc1/Gemm.matmul_rounding | /usr/local/lib/python3.8/dist-packages/concrete/ml/quantization/base_quantized_op.py\":1015:0)",
          "operation": "ENCRYPTED_NEGATION"
        },
        {
          "count": 220,
          "keys": [
            [
              "SECRET",
              0
            ]
          ],
          "location": "loc(\"@/features/fc1/Gemm.matmul_rounding | /usr/local/lib/python3.8/dist-packages/concrete/ml/quantization/base_quantized_op.py\":1015:0)",
          "operation": "ENCRYPTED_ADDITION"
        },
        {
          "count": 220,
          "keys": [
            [
              "SECRET",
              0
            ]
          ],
          "location": "loc(\"@/features/fc1/Gemm.matmul_rounding | /usr/local/lib/python3.8/dist-packages/concrete/ml/quantization/base_quantized_op.py\":1015:0)",
          "operation": "CLEAR_MULTIPLICATION"
        },
        {
          "count": 220,
          "keys": [
            [
              "SECRET",
              0
            ]
          ],
          "location": "loc(\"@/features/fc1/Gemm.matmul_rounding | /usr/local/lib/python3.8/dist-packages/concrete/ml/quantization/base_quantized_op.py\":1015:0)",
          "operation": "CLEAR_ADDITION"
        },
        {
          "count": 220,
          "keys": [
            [
              "KEY_SWITCH",
              0
            ]
          ],
          "location": "loc(\"@/features/fc1/Gemm.matmul_rounding | /usr/local/lib/python3.8/dist-packages/concrete/ml/quantization/base_quantized_op.py\":1015:0)",
          "operation": "KEY_SWITCH"
        },
        {
          "count": 220,
          "keys": [
            [
              "BOOTSTRAP",
              0
            ]
          ],
          "location": "loc(\"@/features/fc1/Gemm.matmul_rounding | /usr/local/lib/python3.8/dist-packages/concrete/ml/quantization/base_quantized_op.py\":1015:0)",
          "operation": "PBS"
        },
        {
          "count": 220,
          "keys": [
            [
              "SECRET",
              0
            ]
          ],
          "location": "loc(\"@/features/fc1/Gemm.matmul_rounding | /usr/local/lib/python3.8/dist-packages/concrete/ml/quantization/base_quantized_op.py\":1015:0)",
          "operation": "CLEAR_ADDITION"
        },
        {
          "count": 220,
          "keys": [
            [
              "SECRET",
              0
            ]
          ],
          "location": "loc(\"@/features/fc1/Gemm.matmul_rounding | /usr/local/lib/python3.8/dist-packages/concrete/ml/quantization/base_quantized_op.py\":1015:0)",
          "operation": "ENCRYPTED_NEGATION"
        },
        {
          "count": 220,
          "keys": [
            [
              "SECRET",
              0
            ]
          ],
          "location": "loc(\"@/features/fc1/Gemm.matmul_rounding | /usr/local/lib/python3.8/dist-packages/concrete/ml/quantization/base_quantized_op.py\":1015:0)",
          "operation": "ENCRYPTED_ADDITION"
        },
        {
          "count": 220,
          "keys": [
            [
              "SECRET",
              0
            ]
          ],
          "location": "loc(\"/usr/local/lib/python3.8/dist-packages/concrete/ml/quantization/quantizers.py\":774:0)",
          "operation": "CLEAR_ADDITION"
        },
        {
          "count": 220,
          "keys": [
            [
              "KEY_SWITCH",
              3
            ]
          ],
          "location": "loc(\"/usr/local/lib/python3.8/dist-packages/concrete/ml/quantization/quantizers.py\":774:0)",
          "operation": "KEY_SWITCH"
        },
        {
          "count": 220,
          "keys": [
            [
              "BOOTSTRAP",
              2
            ]
          ],
          "location": "loc(\"/usr/local/lib/python3.8/dist-packages/concrete/ml/quantization/quantizers.py\":774:0)",
          "operation": "PBS"
        },
        {
          "count": 1100,
          "keys": [
            [
              "SECRET",
              4
            ]
          ],
          "location": "loc(\"@/features/fc2/Gemm.matmul | /usr/local/lib/python3.8/dist-packages/concrete/ml/quantization/quantized_ops.py\":381:0)",
          "operation": "CLEAR_MULTIPLICATION"
        },
        {
          "count": 1100,
          "keys": [
            [
              "SECRET",
              4
            ]
          ],
          "location": "loc(\"@/features/fc2/Gemm.matmul | /usr/local/lib/python3.8/dist-packages/concrete/ml/quantization/quantized_ops.py\":381:0)",
          "operation": "ENCRYPTED_ADDITION"
        }
      ],
      "totalInputsSize": 1320,
      "totalOutputsSize": 81960
    }
  ],
  "complexity": 135349095420,
  "globalPError": 1.1699702417319343e-09,
  "pError": 8.4491087946307691e-13,
  "totalBootstrapKeysSize": 563412992,
  "totalKeyswitchKeysSize": 174718976,
  "totalSecretKeysSize": 66008
}