{
  "circuitFeedbacks": [
    {
      "crtDecompositionsOfOutputs": [
        []
      ],
      "memoryUsagePerLoc": {
        "loc(\"/usr/local/lib/python3.8/dist-packages/concrete/ml/quantization/quantized_ops.py\":449:0)": 28917028,
        "loc(\"/usr/local/lib/python3.8/dist-packages/concrete/ml/quantization/quantizers.py\":774:0)": 50851704,
        "loc(\"@/features/fc0/Gemm.matmul | /usr/local/lib/python3.8/dist-packages/concrete/ml/quantization/quantized_ops.py\":381:0)": 5454244,
        "loc(\"@/features/fc0/Gemm.matmul_rounding | /usr/local/lib/python3.8/dist-packages/concrete/ml/quantization/base_quantized_op.py\":1015:0)": 7552920,
        "loc(\"@/features/fc1/Gemm.matmul | /usr/local/lib/python3.8/dist-packages/concrete/ml/quantization/quantized_ops.py\":381:0)": 10899904,
        "loc(\"@/features/fc1/Gemm.matmul_rounding | /usr/local/lib/python3.8/dist-packages/concrete/ml/quantization/base_quantized_op.py\":1015:0)": 7876968,
        "loc(\"@/features/fc2/Gemm.matmul | /usr/local/lib/python3.8/dist-packages/concrete/ml/quantization/quantized_ops.py\":381:0)": 10899904,
        "loc(\"@/features/fc2/Gemm.matmul_rounding | /usr/local/lib/python3.8/dist-packages/concrete/ml/quantization/base_quantized_op.py\":1015:0)": 7876968,
        "loc(\"@/features/fc3/Gemm.matmul | /usr/local/lib/python3.8/dist-packages/concrete/ml/quantization/quantized_ops.py\":381:0)": 10899904,
        "loc(\"@/features/fc3/Gemm.matmul_rounding | /usr/local/lib/python3.8/dist-packages/concrete/ml/quantization/base_quantized_op.py\":1015:0)": 7876968,
        "loc(\"@/features/fc4/Gemm.matmul | /usr/local/lib/python3.8/dist-packages/concrete/ml/quantization/quantized_ops.py\":381:0)": 14651972,
        "loc(unknown)": 163880
      },
      "name": "main",
      "statistics": [
        {
          "count": 12100,
          "keys": [
            [
              "SECRET",
              0
            ]
          ],
          "location": "loc(\"@/features/fc0/Gemm.matmul | /usr/local/lib/python3.8/dist-packages/concrete/ml/quantization/quantized_ops.py\":381:0)",
          "operation": "CLEAR_MULTIPLICATION"
        },
        {
          "count": 12100,
          "keys": [
            [
              "SECRET",
              0
            ]
          ],
          "location": "loc(\"@/features/fc0/Gemm.matmul | /usr/local/lib/python3.8/dist-packages/concrete/ml/quantization/quantized_ops.py\":381:0)",
          "operation": "ENCRYPTED_ADDITION"
        },
        {
          "count": 220,
          "keys": [
            [
              "SECRET",
              0
            ]
          ],
          "location": "loc(\"/usr/local/lib/python3.8/dist-packages/concrete/ml/quantization/quantized_ops.py\":449:0)",
          "operation": "CLEAR_ADDITION"
        },
        {
          "count": 220,
          "keys": [
            [
              "SECRET",
              0
            ]
          ],
          "location": "loc(\"@/features/fc0/Gemm.matmul_rounding | /usr/local/lib/python3.8/dist-packages/concrete/ml/quantization/base_quantized_op.py\":1015:0)",
          "operation": "CLEAR_ADDITION"
        },
        {
          "count": 220,
          "keys": [
            [
              "SECRET",
              0
            ]
          ],
          "location": "loc(\"@/features/fc0/Gemm.matmul_rounding | /usr/local/lib/python3.8/dist-packages/concrete/ml/quantization/base_quantized_op.py\":1015:0)",
          "operation": "CLEAR_MULTIPLICATION"
        },
        {
          "count": 220,
          "keys": [
            [
              "SECRET",
              0
            ]
          ],
          "location": "loc(\"@/features/fc0/Gemm.matmul_rounding | /usr/local/lib/python3.8/dist-packages/concrete/ml/quantization/base_quantized_op.py\":1015:0)",
          "operation": "CLEAR_ADDITION"
        },
        {
          "count": 220,
          "keys": [
            [
              "KEY_SWITCH",
              0
            ]
          ],
          "location": "loc(\"@/features/fc0/Gemm.matmul_rounding | /usr/local/lib/python3.8/dist-packages/concrete/ml/quantization/base_quantized_op.py\":1015:0)",
          "operation": "KEY_SWITCH"
        },
        {
          "count": 220,
          "keys": [
            [
              "BOOTSTRAP",
              0
            ]
          ],
          "location": "loc(\"@/features/fc0/Gemm.matmul_rounding | /usr/local/lib/python3.8/dist-packages/concrete/ml/quantization/base_quantized_op.py\":1015:0)",
          "operation": "PBS"
        },
        {
          "count": 220,
          "keys": [
            [
              "SECRET",
              0
            ]
          ],
          "location": "loc(\"@/features/fc0/Gemm.matmul_rounding | /usr/local/lib/python3.8/dist-packages/concrete/ml/quantization/base_quantized_op.py\":1015:0)",
          "operation": "CLEAR_ADDITION"
        },
        {
          "count": 220,
          "keys": [
            [
              "SECRET",
              0
            ]
          ],
          "location": "loc(\"@/features/fc0/Gemm.matmul_rounding | /usr/local/lib/python3.8/dist-packages/concrete/ml/quantization/base_quantized_op.py\":1015:0)",
          "operation": "ENCRYPTED_NEGATION"
        },
        {
          "count": 220,
          "keys": [
            [
              "SECRET",
              0
            ]
          ],
          "location": "loc(\"@/features/fc0/Gemm.matmul_rounding | /usr/local/lib/python3.8/dist-packages/concrete/ml/quantization/base_quantized_op.py\":1015:0)",
          "operation": "ENCRYPTED_ADDITION"
        },
        {
          "count": 220,
          "keys": [
            [
              "SECRET",
              0
            ]
          ],
          "location": "loc(\"@/features/fc0/Gemm.matmul_rounding | /usr/local/lib/python3.8/dist-packages/concrete/ml/quantization/base_quantized_op.py\":1015:0)",
          "operation": "CLEAR_MULTIPLICATION"
        },
        {
          "count": 220,
          "keys": [
            [
              "SECRET",
              0
            ]
          ],
          "location": "loc(\"@/features/fc0/Gemm.matmul_rounding | /usr/local/lib/python3.8/dist-packages/concrete/ml/quantization/base_quantized_op.py\":1015:0)",
          "operation": "CLEAR_ADDITION"
        },
        {
          "count": 220,
          "keys": [
            [
              "KEY_SWITCH",
              0
            ]
          ],
          "location": "loc(\"@/features/fc0/Gemm.matmul_rounding | /usr/local/lib/python3.8/dist-packages/concrete/ml/quantization/base_quantized_op.py\":1015:0)",
          "operation": "KEY_SWITCH"
        },
        {
          "count": 220,
          "keys": [
            [
              "BOOTSTRAP",
              0
            ]
          ],
          "location": "loc(\"@/features/fc0/Gemm.matmul_rounding | /usr/local/lib/python3.8/dist-packages/concrete/ml/quantization/base_quantized_op.py\":1015:0)",
          "operation": "PBS"
        },
        {
          "count": 220,
          "keys": [
            [
              "SECRET",
              0
            ]
          ],
          "location": "loc(\"@/features/fc0/Gemm.matmul_rounding | /usr/local/lib/python3.8/dist-packages/concrete/ml/quantization/base_quantized_op.py\":1015:0)",
          "operation": "CLEAR_ADDITION"
        },
        {
          "count": 220,
          "keys": [
            [
              "SECRET",
              0
            ]
          ],
          "location": "loc(\"@/features/fc0/Gemm.matmul_rounding | /usr/local/lib/python3.8/dist-packages/concrete/ml/quantization/base_quantized_op.py\":1015:0)",
          "operation": "ENCRYPTED_NEGATION"
        },
        {
          "count": 220,
          "keys": [
            [
              "SECRET",
              0
            ]
          ],
          "location": "loc(\"@/features/fc0/Gemm.matmul_rounding | /usr/local/lib/python3.8/dist-packages/concrete/ml/quantization/base_quantized_op.py\":1015:0)",
          "operation": "ENCRYPTED_ADDITION"
        },
        {
          "count": 220,
          "keys": [
            [
              "SECRET",
              0
            ]
          ],
          "location": "loc(\"@/features/fc0/Gemm.matmul_rounding | /usr/local/lib/python3.8/dist-packages/concrete/ml/quantization/base_quantized_op.py\":1015:0)",
          "operation": "CLEAR_MULTIPLICATION"
        },
        {
          "count": 220,
          "keys": [
            [
              "SECRET",
              0
            ]
          ],
          "location": "loc(\"@/features/fc0/Gemm.matmul_rounding | /usr/local/lib/python3.8/dist-packages/concrete/ml/quantization/base_quantized_op.py\":1015:0)",
          "operation": "CLEAR_ADDITION"
        },
        {
          "count": 220,
          "keys": [
            [
              "KEY_SWITCH",
              0
            ]
          ],
          "location": "loc(\"@/features/fc0/Gemm.matmul_rounding | /usr/local/lib/python3.8/dist-packages/concrete/ml/quantization/base_quantized_op.py\":1015:0)",
          "operation": "KEY_SWITCH"
        },
        {
          "count": 220,
          "keys": [
            [
              "BOOTSTRAP",
              0
            ]
          ],
          "location": "loc(\"@/features/fc0/Gemm.matmul_rounding | /usr/local/lib/python3.8/dist-packages/concrete/ml/quantization/base_quantized_op.py\":1015:0)",
          "operation": "PBS"
        },
        {
          "count": 220,
          "keys": [
            [
              "SECRET",
              0
            ]
          ],
          "location": "loc(\"@/features/fc0/Gemm.matmul_rounding | /usr/local/lib/python3.8/dist-packages/concrete/ml/quantization/base_quantized_op.py\":1015:0)",
          "operation": "CLEAR_ADDITION"
        },
        {
          "count": 220,
          "keys": [
            [
              "SECRET",
              0
            ]
          ],
          "location": "loc(\"@/features/fc0/Gemm.matmul_rounding | /usr/local/lib/python3.8/dist-packages/concrete/ml/quantization/base_quantized_op.py\":1015:0)",
          "operation": "ENCRYPTED_NEGATION"
        },
        {
          "count": 220,
          "keys": [
            [
              "SECRET",
              0
            ]
          ],
          "location": "loc(\"@/features/fc0/Gemm.matmul_rounding | /usr/local/lib/python3.8/dist-packages/concrete/ml/quantization/base_quantized_op.py\":1015:0)",
          "operation": "ENCRYPTED_ADDITION"
        },
        {
          "count": 220,
          "keys": [
            [
              "SECRET",
              0
            ]
          ],
          "location": "loc(\"/usr/local/lib/python3.8/dist-packages/concrete/ml/quantization/quantizers.py\":774:0)",
          "operation": "CLEAR_ADDITION"
        },
        {
          "count": 220,
          "keys": [
            [
              "KEY_SWITCH",
              1
            ]
          ],
          "location": "loc(\"/usr/local/lib/python3.8/dist-packages/concrete/ml/quantization/quantizers.py\":774:0)",
          "operation": "KEY_SWITCH"
        },
        {
          "count": 220,
          "keys": [
            [
              "BOOTSTRAP",
              1
            ]
          ],
          "location": "loc(\"/usr/local/lib/python3.8/dist-packages/concrete/ml/quantization/quantizers.py\":774:0)",
          "operation": "PBS"
        },
        {
          "count": 220,
          "keys": [
            [
              "KEY_SWITCH",
              2
            ]
          ],
          "location": "loc(\"/usr/local/lib/python3.8/dist-packages/concrete/ml/quantization/quantizers.py\":774:0)",
          "operation": "KEY_SWITCH"
        },
        {
          "count": 48400,
          "keys": [
            [
              "SECRET",
              0
            ]
          ],
          "location": "loc(\"@/features/fc1/Gemm.matmul | /usr/local/lib/python3.8/dist-packages/concrete/ml/quantization/quantized_ops.py\":381:0)",
          "operation": "CLEAR_MULTIPLICATION"
        },
        {
          "count": 48400,
          "keys": [
            [
              "SECRET",
              0
            ]
          ],
          "location": "loc(\"@/features/fc1/Gemm.matmul | /usr/local/lib/python3.8/dist-packages/concrete/ml/quantization/quantized_ops.py\":381:0)",
          "operation": "ENCRYPTED_ADDITION"
        },
        {
          "count": 220,
          "keys": [
            [
              "SECRET",
              0
            ]
          ],
          "location": "loc(\"/usr/local/lib/python3.8/dist-packages/concrete/ml/quantization/quantized_ops.py\":449:0)",
          "operation": "CLEAR_ADDITION"
        },
        {
          "count": 220,
          "keys": [
            [
              "SECRET",
              0
            ]
          ],
          "location": "loc(\"@/features/fc1/Gemm.matmul_rounding | /usr/local/lib/python3.8/dist-packages/concrete/ml/quantization/base_quantized_op.py\":1015:0)",
          "operation": "CLEAR_ADDITION"
        },
        {
          "count": 220,
          "keys": [
            [
              "SECRET",
              0
            ]
          ],
          "location": "loc(\"@/features/fc1/Gemm.matmul_rounding | /usr/local/lib/python3.8/dist-packages/concrete/ml/quantization/base_quantized_op.py\":1015:0)",
          "operation": "CLEAR_MULTIPLICATION"
        },
        {
          "count": 220,
          "keys": [
            [
              "SECRET",
              0
            ]
          ],
          "location": "loc(\"@/features/fc1/Gemm.matmul_rounding | /usr/local/lib/python3.8/dist-packages/concrete/ml/quantization/base_quantized_op.py\":1015:0)",
          "operation": "CLEAR_ADDITION"
        },
        {
          "count": 220,
          "keys": [
            [
              "KEY_SWITCH",
              0
            ]
          ],
          "location": "loc(\"@/features/fc1/Gemm.matmul_rounding | /usr/local/lib/python3.8/dist-packages/concrete/ml/quantization/base_quantized_op.py\":1015:0)",
          "operation": "KEY_SWITCH"
        },
        {
          "count": 220,
          "keys": [
            [
              "BOOTSTRAP",
              0
            ]
          ],
          "location": "loc(\"@/features/fc1/Gemm.matmul_rounding | /usr/local/lib/python3.8/dist-packages/concrete/ml/quantization/base_quantized_op.py\":1015:0)",
          "operation": "PBS"
        },
        {
          "count": 220,
          "keys": [
            [
              "SECRET",
              0
            ]
          ],
          "location": "loc(\"@/features/fc1/Gemm.matmul_rounding | /usr/local/lib/python3.8/dist-packages/concrete/ml/quantization/base_quantized_op.py\":1015:0)",
          "operation": "CLEAR_ADDITION"
        },
        {
          "count": 220,
          "keys": [
            [
              "SECRET",
              0
            ]
          ],
          "location": "loc(\"@/features/fc1/Gemm.matmul_rounding | /usr/local/lib/python3.8/dist-packages/concrete/ml/quantization/base_quantized_op.py\":1015:0)",
          "operation": "ENCRYPTED_NEGATION"
        },
        {
          "count": 220,
          "keys": [
            [
              "SECRET",
              0
            ]
          ],
          "location": "loc(\"@/features/fc1/Gemm.matmul_rounding | /usr/local/lib/python3.8/dist-packages/concrete/ml/quantization/base_quantized_op.py\":1015:0)",
          "operation": "ENCRYPTED_ADDITION"
        },
        {
          "count": 220,
          "keys": [
            [
              "SECRET",
              0
            ]
          ],
          "location": "loc(\"@/features/fc1/Gemm.matmul_rounding | /usr/local/lib/python3.8/dist-packages/concrete/ml/quantization/base_quantized_op.py\":1015:0)",
          "operation": "CLEAR_MULTIPLICATION"
        },
        {
          "count": 220,
          "keys": [
            [
              "SECRET",
              0
            ]
          ],
          "location": "loc(\"@/features/fc1/Gemm.matmul_rounding | /usr/local/lib/python3.8/dist-packages/concrete/ml/quantization/base_quantized_op.py\":1015:0)",
          "operation": "CLEAR_ADDITION"
        },
        {
          "count": 220,
          "keys": [
            [
              "KEY_SWITCH",
              0
            ]
          ],
          "location": "loc(\"@/features/fc1/Gemm.matmul_rounding | /usr/local/lib/python3.8/dist-packages/concrete/ml/quantization/base_quantized_op.py\":1015:0)",
          "operation": "KEY_SWITCH"
        },
        {
          "count": 220,
          "keys": [
            [
              "BOOTSTRAP",
              0
            ]
          ],
          "location": "loc(\"@/features/fc1/Gemm.matmul_rounding | /usr/local/lib/python3.8/dist-packages/concrete/ml/quantization/base_quantized_op.py\":1015:0)",
          "operation": "PBS"
        },
        {
          "count": 220,
          "keys": [
            [
              "SECRET",
              0
            ]
          ],
          "location": "loc(\"@/features/fc1/Gemm.matmul_rounding | /usr/local/lib/python3.8/dist-packages/concrete/ml/quantization/base_quantized_op.py\":1015:0)",
          "operation": "CLEAR_ADDITION"
        },
        {
          "count": 220,
          "keys": [
            [
              "SECRET",
              0
            ]
          ],
          "location": "loc(\"@/features/fc1/Gemm.matmul_rounding | /usr/local/lib/python3.8/dist-packages/concrete/ml/quantization/base_quantized_op.py\":1015:0)",
          "operation": "ENCRYPTED_NEGATION"
        },
        {
          "count": 220,
          "keys": [
            [
              "SECRET",
              0
            ]
          ],
          "location": "loc(\"@/features/fc1/Gemm.matmul_rounding | /usr/local/lib/python3.8/dist-packages/concrete/ml/quantization/base_quantized_op.py\":1015:0)",
          "operation": "ENCRYPTED_ADDITION"
        },
        {
          "count": 220,
          "keys": [
            [
              "SECRET",
              0
            ]
          ],
          "location": "loc(\"@/features/fc1/Gemm.matmul_rounding | /usr/local/lib/python3.8/dist-packages/concrete/ml/quantization/base_quantized_op.py\":1015:0)",
          "operation": "CLEAR_MULTIPLICATION"
        },
        {
          "count": 220,
          "keys": [
            [
              "SECRET",
              0
            ]
          ],
          "location": "loc(\"@/features/fc1/Gemm.matmul_rounding | /usr/local/lib/python3.8/dist-packages/concrete/ml/quantization/base_quantized_op.py\":1015:0)",
          "operation": "CLEAR_ADDITION"
        },
        {
          "count": 220,
          "keys": [
            [
              "KEY_SWITCH",
              0
            ]
          ],
          "location": "loc(\"@/features/fc1/Gemm.matmul_rounding | /usr/local/lib/python3.8/dist-packages/concrete/ml/quantization/base_quantized_op.py\":1015:0)",
          "operation": "KEY_SWITCH"
        },
        {
          "count": 220,
          "keys": [
            [
              "BOOTSTRAP",
              0
            ]
          ],
          "location": "loc(\"@/features/fc1/Gemm.matmul_rounding | /usr/local/lib/python3.8/dist-packages/concrete/ml/quantization/base_quantized_op.py\":1015:0)",
          "operation": "PBS"
        },
        {
          "count": 220,
          "keys": [
            [
              "SECRET",
              0
            ]
          ],
          "location": "loc(\"@/features/fc1/Gemm.matmul_rounding | /usr/local/lib/python3.8/dist-packages/concrete/ml/quantization/base_quantized_op.py\":1015:0)",
          "operation": "CLEAR_ADDITION"
        },
        {
          "count": 220,
          "keys": [
            [
              "SECRET",
              0
            ]
          ],
          "location": "loc(\"@/features/fc1/Gemm.matmul_rounding | /usr/local/lib/python3.8/dist-packages/concrete/ml/quantization/base_quantized_op.py\":1015:0)",
          "operation": "ENCRYPTED_NEGATION"
        },
        {
          "count": 220,
          "keys": [
            [
              "SECRET",
              0
            ]
          ],
          "location": "loc(\"@/features/fc1/Gemm.matmul_rounding | /usr/local/lib/python3.8/dist-packages/concrete/ml/quantization/base_quantized_op.py\":1015:0)",
          "operation": "ENCRYPTED_ADDITION"
        },
        {
          "count": 220,
          "keys": [
            [
              "SECRET",
              0
            ]
          ],
          "location": "loc(\"@/features/fc1/Gemm.matmul_rounding | /usr/local/lib/python3.8/dist-packages/concrete/ml/quantization/base_quantized_op.py\":1015:0)",
          "operation": "CLEAR_MULTIPLICATION"
        },
        {
          "count": 220,
          "keys": [
            [
              "SECRET",
              0
            ]
          ],
          "location": "loc(\"@/features/fc1/Gemm.matmul_rounding | /usr/local/lib/python3.8/dist-packages/concrete/ml/quantization/base_quantized_op.py\":1015:0)",
          "operation": "CLEAR_ADDITION"
        },
        {
          "count": 220,
          "keys": [
            [
              "KEY_SWITCH",
              0
            ]
          ],
          "location": "loc(\"@/features/fc1/Gemm.matmul_rounding | /usr/local/lib/python3.8/dist-packages/concrete/ml/quantization/base_quantized_op.py\":1015:0)",
          "operation": "KEY_SWITCH"
        },
        {
          "count": 220,
          "keys": [
            [
              "BOOTSTRAP",
              0
            ]
          ],
          "location": "loc(\"@/features/fc1/Gemm.matmul_rounding | /usr/local/lib/python3.8/dist-packages/concrete/ml/quantization/base_quantized_op.py\":1015:0)",
          "operation": "PBS"
        },
        {
          "count": 220,
          "keys": [
            [
              "SECRET",
              0
            ]
          ],
          "location": "loc(\"@/features/fc1/Gemm.matmul_rounding | /usr/local/lib/python3.8/dist-packages/concrete/ml/quantization/base_quantized_op.py\":1015:0)",
          "operation": "CLEAR_ADDITION"
        },
        {
          "count": 220,
          "keys": [
            [
              "SECRET",
              0
            ]
          ],
          "location": "loc(\"@/features/fc1/Gemm.matmul_rounding | /usr/local/lib/python3.8/dist-packages/concrete/ml/quantization/base_quantized_op.py\":1015:0)",
          "operation": "ENCRYPTED_NEGATION"
        },
        {
          "count": 220,
          "keys": [
            [
              "SECRET",
              0
            ]
          ],
          "location": "loc(\"@/features/fc1/Gemm.matmul_rounding | /usr/local/lib/python3.8/dist-packages/concrete/ml/quantization/base_quantized_op.py\":1015:0)",
          "operation": "ENCRYPTED_ADDITION"
        },
        {
          "count": 220,
          "keys": [
            [
              "SECRET",
              0
            ]
          ],
          "location": "loc(\"@/features/fc1/Gemm.matmul_rounding | /usr/local/lib/python3.8/dist-packages/concrete/ml/quantization/base_quantized_op.py\":1015:0)",
          "operation": "CLEAR_MULTIPLICATION"
        },
        {
          "count": 220,
          "keys": [
            [
              "SECRET",
              0
            ]
          ],
          "location": "loc(\"@/features/fc1/Gemm.matmul_rounding | /usr/local/lib/python3.8/dist-packages/concrete/ml/quantization/base_quantized_op.py\":1015:0)",
          "operation": "CLEAR_ADDITION"
        },
        {
          "count": 220,
          "keys": [
            [
              "KEY_SWITCH",
              0
            ]
          ],
          "location": "loc(\"@/features/fc1/Gemm.matmul_rounding | /usr/local/lib/python3.8/dist-packages/concrete/ml/quantization/base_quantized_op.py\":1015:0)",
          "operation": "KEY_SWITCH"
        },
        {
          "count": 220,
          "keys": [
            [
              "BOOTSTRAP",
              0
            ]
          ],
          "location": "loc(\"@/features/fc1/Gemm.matmul_rounding | /usr/local/lib/python3.8/dist-packages/concrete/ml/quantization/base_quantized_op.py\":1015:0)",
          "operation": "PBS"
        },
        {
          "count": 220,
          "keys": [
            [
              "SECRET",
              0
            ]
          ],
          "location": "loc(\"@/features/fc1/Gemm.matmul_rounding | /usr/local/lib/python3.8/dist-packages/concrete/ml/quantization/base_quantized_op.py\":1015:0)",
          "operation": "CLEAR_ADDITION"
        },
        {
          "count": 220,
          "keys": [
            [
              "SECRET",
              0
            ]
          ],
          "location": "loc(\"@/features/fc1/Gemm.matmul_rounding | /usr/local/lib/python3.8/dist-packages/concrete/ml/quantization/base_quantized_op.py\":1015:0)",
          "operation": "ENCRYPTED_NEGATION"
        },
        {
          "count": 220,
          "keys": [
            [
              "SECRET",
              0
            ]
          ],
          "location": "loc(\"@/features/fc1/Gemm.matmul_rounding | /usr/local/lib/python3.8/dist-packages/concrete/ml/quantization/base_quantized_op.py\":1015:0)",
          "operation": "ENCRYPTED_ADDITION"
        },
        {
          "count": 220,
          "keys": [
            [
              "SECRET",
              0
            ]
          ],
          "location": "loc(\"@/features/fc1/Gemm.matmul_rounding | /usr/local/lib/python3.8/dist-packages/concrete/ml/quantization/base_quantized_op.py\":1015:0)",
          "operation": "CLEAR_MULTIPLICATION"
        },
        {
          "count": 220,
          "keys": [
            [
              "SECRET",
              0
            ]
          ],
          "location": "loc(\"@/features/fc1/Gemm.matmul_rounding | /usr/local/lib/python3.8/dist-packages/concrete/ml/quantization/base_quantized_op.py\":1015:0)",
          "operation": "CLEAR_ADDITION"
        },
        {
          "count": 220,
          "keys": [
            [
              "KEY_SWITCH",
              0
            ]
          ],
          "location": "loc(\"@/features/fc1/Gemm.matmul_rounding | /usr/local/lib/python3.8/dist-packages/concrete/ml/quantization/base_quantized_op.py\":1015:0)",
          "operation": "KEY_SWITCH"
        },
        {
          "count": 220,
          "keys": [
            [
              "BOOTSTRAP",
              0
            ]
          ],
          "location": "loc(\"@/features/fc1/Gemm.matmul_rounding | /usr/local/lib/python3.8/dist-packages/concrete/ml/quantization/base_quantized_op.py\":1015:0)",
          "operation": "PBS"
        },
        {
          "count": 220,
          "keys": [
            [
              "SECRET",
              0
            ]
          ],
          "location": "loc(\"@/features/fc1/Gemm.matmul_rounding | /usr/local/lib/python3.8/dist-packages/concrete/ml/quantization/base_quantized_op.py\":1015:0)",
          "operation": "CLEAR_ADDITION"
        },
        {
          "count": 220,
          "keys": [
            [
              "SECRET",
              0
            ]
          ],
          "location": "loc(\"@/features/fc1/Gemm.matmul_rounding | /usr/local/lib/python3.8/dist-packages/concrete/ml/quantization/base_quantized_op.py\":1015:0)",
          "operation": "ENCRYPTED_NEGATION"
        },
        {
          "count": 220,
          "keys": [
            [
              "SECRET",
              0
            ]
          ],
          "location": "loc(\"@/features/fc1/Gemm.matmul_rounding | /usr/local/lib/python3.8/dist-packages/concrete/ml/quantization/base_quantized_op.py\":1015:0)",
          "operation": "ENCRYPTED_ADDITION"
        },
        {
          "count": 220,
          "keys": [
            [
              "SECRET",
              0
            ]
          ],
          "location": "loc(\"/usr/local/lib/python3.8/dist-packages/concrete/ml/quantization/quantizers.py\":774:0)",
          "operation": "CLEAR_ADDITION"
        },
        {
          "count": 220,
          "keys": [
            [
              "KEY_SWITCH",
              3
            ]
          ],
          "location": "loc(\"/usr/local/lib/python3.8/dist-packages/concrete/ml/quantization/quantizers.py\":774:0)",
          "operation": "KEY_SWITCH"
        },
        {
          "count": 220,
          "keys": [
            [
              "BOOTSTRAP",
              2
            ]
          ],
          "location": "loc(\"/usr/local/lib/python3.8/dist-packages/concrete/ml/quantization/quantizers.py\":774:0)",
          "operation": "PBS"
        },
        {
          "count": 220,
          "keys": [
            [
              "KEY_SWITCH",
              4
            ]
          ],
          "location": "loc(\"/usr/local/lib/python3.8/dist-packages/concrete/ml/quantization/quantizers.py\":774:0)",
          "operation": "KEY_SWITCH"
        },
        {
          "count": 48400,
          "keys": [
            [
              "SECRET",
              0
            ]
          ],
          "location": "loc(\"@/features/fc2/Gemm.matmul | /usr/local/lib/python3.8/dist-packages/concrete/ml/quantization/quantized_ops.py\":381:0)",
          "operation": "CLEAR_MULTIPLICATION"
        },
        {
          "count": 48400,
          "keys": [
            [
              "SECRET",
              0
            ]
          ],
          "location": "loc(\"@/features/fc2/Gemm.matmul | /usr/local/lib/python3.8/dist-packages/concrete/ml/quantization/quantized_ops.py\":381:0)",
          "operation": "ENCRYPTED_ADDITION"
        },
        {
          "count": 220,
          "keys": [
            [
              "SECRET",
              0
            ]
          ],
          "location": "loc(\"/usr/local/lib/python3.8/dist-packages/concrete/ml/quantization/quantized_ops.py\":449:0)",
          "operation": "CLEAR_ADDITION"
        },
        {
          "count": 220,
          "keys": [
            [
              "SECRET",
              0
            ]
          ],
          "location": "loc(\"@/features/fc2/Gemm.matmul_rounding | /usr/local/lib/python3.8/dist-packages/concrete/ml/quantization/base_quantized_op.py\":1015:0)",
          "operation": "CLEAR_ADDITION"
        },
        {
          "count": 220,
          "keys": [
            [
              "SECRET",
              0
            ]
          ],
          "location": "loc(\"@/features/fc2/Gemm.matmul_rounding | /usr/local/lib/python3.8/dist-packages/concrete/ml/quantization/base_quantized_op.py\":1015:0)",
          "operation": "CLEAR_MULTIPLICATION"
        },
        {
          "count": 220,
          "keys": [
            [
              "SECRET",
              0
            ]
          ],
          "location": "loc(\"@/features/fc2/Gemm.matmul_rounding | /usr/local/lib/python3.8/dist-packages/concrete/ml/quantization/base_quantized_op.py\":1015:0)",
          "operation": "CLEAR_ADDITION"
        },
        {
          "count": 220,
          "keys": [
            [
              "KEY_SWITCH",
              0
            ]
          ],
          "location": "loc(\"@/features/fc2/Gemm.matmul_rounding | /usr/local/lib/python3.8/dist-packages/concrete/ml/quantization/base_quantized_op.py\":1015:0)",
          "operation": "KEY_SWITCH"
        },
        {
          "count": 220,
          "keys": [
            [
              "BOOTSTRAP",
              0
            ]
          ],
          "location": "loc(\"@/features/fc2/Gemm.matmul_rounding | /usr/local/lib/python3.8/dist-packages/concrete/ml/quantization/base_quantized_op.py\":1015:0)",
          "operation": "PBS"
        },
        {
          "count": 220,
          "keys": [
            [
              "SECRET",
              0
            ]
          ],
          "location": "loc(\"@/features/fc2/Gemm.matmul_rounding | /usr/local/lib/python3.8/dist-packages/concrete/ml/quantization/base_quantized_op.py\":1015:0)",
          "operation": "CLEAR_ADDITION"
        },
        {
          "count": 220,
          "keys": [
            [
              "SECRET",
              0
            ]
          ],
          "location": "loc(\"@/features/fc2/Gemm.matmul_rounding | /usr/local/lib/python3.8/dist-packages/concrete/ml/quantization/base_quantized_op.py\":1015:0)",
          "operation": "ENCRYPTED_NEGATION"
        },
        {
          "count": 220,
          "keys": [
            [
              "SECRET",
              0
            ]
          ],
          "location": "loc(\"@/features/fc2/Gemm.matmul_rounding | /usr/local/lib/python3.8/dist-packages/concrete/ml/quantization/base_quantized_op.py\":1015:0)",
          "operation": "ENCRYPTED_ADDITION"
        },
        {
          "count": 220,
          "keys": [
            [
              "SECRET",
              0
            ]
          ],
          "location": "loc(\"@/features/fc2/Gemm.matmul_rounding | /usr/local/lib/python3.8/dist-packages/concrete/ml/quantization/base_quantized_op.py\":1015:0)",
          "operation": "CLEAR_MULTIPLICATION"
        },
        {
          "count": 220,
          "keys": [
            [
              "SECRET",
              0
            ]
          ],
          "location": "loc(\"@/features/fc2/Gemm.matmul_rounding | /usr/local/lib/python3.8/dist-packages/concrete/ml/quantization/base_quantized_op.py\":1015:0)",
          "operation": "CLEAR_ADDITION"
        },
        {
          "count": 220,
          "keys": [
            [
              "KEY_SWITCH",
              0
            ]
          ],
          "location": "loc(\"@/features/fc2/Gemm.matmul_rounding | /usr/local/lib/python3.8/dist-packages/concrete/ml/quantization/base_quantized_op.py\":1015:0)",
          "operation": "KEY_SWITCH"
        },
        {
          "count": 220,
          "keys": [
            [
              "BOOTSTRAP",
              0
            ]
          ],
          "location": "loc(\"@/features/fc2/Gemm.matmul_rounding | /usr/local/lib/python3.8/dist-packages/concrete/ml/quantization/base_quantized_op.py\":1015:0)",
          "operation": "PBS"
        },
        {
          "count": 220,
          "keys": [
            [
              "SECRET",
              0
            ]
          ],
          "location": "loc(\"@/features/fc2/Gemm.matmul_rounding | /usr/local/lib/python3.8/dist-packages/concrete/ml/quantization/base_quantized_op.py\":1015:0)",
          "operation": "CLEAR_ADDITION"
        },
        {
          "count": 220,
          "keys": [
            [
              "SECRET",
              0
            ]
          ],
          "location": "loc(\"@/features/fc2/Gemm.matmul_rounding | /usr/local/lib/python3.8/dist-packages/concrete/ml/quantization/base_quantized_op.py\":1015:0)",
          "operation": "ENCRYPTED_NEGATION"
        },
        {
          "count": 220,
          "keys": [
            [
              "SECRET",
              0
            ]
          ],
          "location": "loc(\"@/features/fc2/Gemm.matmul_rounding | /usr/local/lib/python3.8/dist-packages/concrete/ml/quantization/base_quantized_op.py\":1015:0)",
          "operation": "ENCRYPTED_ADDITION"
        },
        {
          "count": 220,
          "keys": [
            [
              "SECRET",
              0
            ]
          ],
          "location": "loc(\"@/features/fc2/Gemm.matmul_rounding | /usr/local/lib/python3.8/dist-packages/concrete/ml/quantization/base_quantized_op.py\":1015:0)",
          "operation": "CLEAR_MULTIPLICATION"
        },
        {
          "count": 220,
          "keys": [
            [
              "SECRET",
              0
            ]
          ],
          "location": "loc(\"@/features/fc2/Gemm.matmul_rounding | /usr/local/lib/python3.8/dist-packages/concrete/ml/quantization/base_quantized_op.py\":1015:0)",
          "operation": "CLEAR_ADDITION"
        },
        {
          "count": 220,
          "keys": [
            [
              "KEY_SWITCH",
              0
            ]
          ],
          "location": "loc(\"@/features/fc2/Gemm.matmul_rounding | /usr/local/lib/python3.8/dist-packages/concrete/ml/quantization/base_quantized_op.py\":1015:0)",
          "operation": "KEY_SWITCH"
        },
        {
          "count": 220,
          "keys": [
            [
              "BOOTSTRAP",
              0
            ]
          ],
          "location": "loc(\"@/features/fc2/Gemm.matmul_rounding | /usr/local/lib/python3.8/dist-packages/concrete/ml/quantization/base_quantized_op.py\":1015:0)",
          "operation": "PBS"
        },
        {
          "count": 220,
          "keys": [
            [
              "SECRET",
              0
            ]
          ],
          "location": "loc(\"@/features/fc2/Gemm.matmul_rounding | /usr/local/lib/python3.8/dist-packages/concrete/ml/quantization/base_quantized_op.py\":1015:0)",
          "operation": "CLEAR_ADDITION"
        },
        {
          "count": 220,
          "keys": [
            [
              "SECRET",
              0
            ]
          ],
          "location": "loc(\"@/features/fc2/Gemm.matmul_rounding | /usr/local/lib/python3.8/dist-packages/concrete/ml/quantization/base_quantized_op.py\":1015:0)",
          "operation": "ENCRYPTED_NEGATION"
        },
        {
          "count": 220,
          "keys": [
            [
              "SECRET",
              0
            ]
          ],
          "location": "loc(\"@/features/fc2/Gemm.matmul_rounding | /usr/local/lib/python3.8/dist-packages/concrete/ml/quantization/base_quantized_op.py\":1015:0)",
          "operation": "ENCRYPTED_ADDITION"
        },
        {
          "count": 220,
          "keys": [
            [
              "SECRET",
              0
            ]
          ],
          "location": "loc(\"@/features/fc2/Gemm.matmul_rounding | /usr/local/lib/python3.8/dist-packages/concrete/ml/quantization/base_quantized_op.py\":1015:0)",
          "operation": "CLEAR_MULTIPLICATION"
        },
        {
          "count": 220,
          "keys": [
            [
              "SECRET",
              0
            ]
          ],
          "location": "loc(\"@/features/fc2/Gemm.matmul_rounding | /usr/local/lib/python3.8/dist-packages/concrete/ml/quantization/base_quantized_op.py\":1015:0)",
          "operation": "CLEAR_ADDITION"
        },
        {
          "count": 220,
          "keys": [
            [
              "KEY_SWITCH",
              0
            ]
          ],
          "location": "loc(\"@/features/fc2/Gemm.matmul_rounding | /usr/local/lib/python3.8/dist-packages/concrete/ml/quantization/base_quantized_op.py\":1015:0)",
          "operation": "KEY_SWITCH"
        },
        {
          "count": 220,
          "keys": [
            [
              "BOOTSTRAP",
              0
            ]
          ],
          "location": "loc(\"@/features/fc2/Gemm.matmul_rounding | /usr/local/lib/python3.8/dist-packages/concrete/ml/quantization/base_quantized_op.py\":1015:0)",
          "operation": "PBS"
        },
        {
          "count": 220,
          "keys": [
            [
              "SECRET",
              0
            ]
          ],
          "location": "loc(\"@/features/fc2/Gemm.matmul_rounding | /usr/local/lib/python3.8/dist-packages/concrete/ml/quantization/base_quantized_op.py\":1015:0)",
          "operation": "CLEAR_ADDITION"
        },
        {
          "count": 220,
          "keys": [
            [
              "SECRET",
              0
            ]
          ],
          "location": "loc(\"@/features/fc2/Gemm.matmul_rounding | /usr/local/lib/python3.8/dist-packages/concrete/ml/quantization/base_quantized_op.py\":1015:0)",
          "operation": "ENCRYPTED_NEGATION"
        },
        {
          "count": 220,
          "keys": [
            [
              "SECRET",
              0
            ]
          ],
          "location": "loc(\"@/features/fc2/Gemm.matmul_rounding | /usr/local/lib/python3.8/dist-packages/concrete/ml/quantization/base_quantized_op.py\":1015:0)",
          "operation": "ENCRYPTED_ADDITION"
        },
        {
          "count": 220,
          "keys": [
            [
              "SECRET",
              0
            ]
          ],
          "location": "loc(\"@/features/fc2/Gemm.matmul_rounding | /usr/local/lib/python3.8/dist-packages/concrete/ml/quantization/base_quantized_op.py\":1015:0)",
          "operation": "CLEAR_MULTIPLICATION"
        },
        {
          "count": 220,
          "keys": [
            [
              "SECRET",
              0
            ]
          ],
          "location": "loc(\"@/features/fc2/Gemm.matmul_rounding | /usr/local/lib/python3.8/dist-packages/concrete/ml/quantization/base_quantized_op.py\":1015:0)",
          "operation": "CLEAR_ADDITION"
        },
        {
          "count": 220,
          "keys": [
            [
              "KEY_SWITCH",
              0
            ]
          ],
          "location": "loc(\"@/features/fc2/Gemm.matmul_rounding | /usr/local/lib/python3.8/dist-packages/concrete/ml/quantization/base_quantized_op.py\":1015:0)",
          "operation": "KEY_SWITCH"
        },
        {
          "count": 220,
          "keys": [
            [
              "BOOTSTRAP",
              0
            ]
          ],
          "location": "loc(\"@/features/fc2/Gemm.matmul_rounding | /usr/local/lib/python3.8/dist-packages/concrete/ml/quantization/base_quantized_op.py\":1015:0)",
          "operation": "PBS"
        },
        {
          "count": 220,
          "keys": [
            [
              "SECRET",
              0
            ]
          ],
          "location": "loc(\"@/features/fc2/Gemm.matmul_rounding | /usr/local/lib/python3.8/dist-packages/concrete/ml/quantization/base_quantized_op.py\":1015:0)",
          "operation": "CLEAR_ADDITION"
        },
        {
          "count": 220,
          "keys": [
            [
              "SECRET",
              0
            ]
          ],
          "location": "loc(\"@/features/fc2/Gemm.matmul_rounding | /usr/local/lib/python3.8/dist-packages/concrete/ml/quantization/base_quantized_op.py\":1015:0)",
          "operation": "ENCRYPTED_NEGATION"
        },
        {
          "count": 220,
          "keys": [
            [
              "SECRET",
              0
            ]
          ],
          "location": "loc(\"@/features/fc2/Gemm.matmul_rounding | /usr/local/lib/python3.8/dist-packages/concrete/ml/quantization/base_quantized_op.py\":1015:0)",
          "operation": "ENCRYPTED_ADDITION"
        },
        {
          "count": 220,
          "keys": [
            [
              "SECRET",
              0
            ]
          ],
          "location": "loc(\"@/features/fc2/Gemm.matmul_rounding | /usr/local/lib/python3.8/dist-packages/concrete/ml/quantization/base_quantized_op.py\":1015:0)",
          "operation": "CLEAR_MULTIPLICATION"
        },
        {
          "count": 220,
          "keys": [
            [
              "SECRET",
              0
            ]
          ],
          "location": "loc(\"@/features/fc2/Gemm.matmul_rounding | /usr/local/lib/python3.8/dist-packages/concrete/ml/quantization/base_quantized_op.py\":1015:0)",
          "operation": "CLEAR_ADDITION"
        },
        {
          "count": 220,
          "keys": [
            [
              "KEY_SWITCH",
              0
            ]
          ],
          "location": "loc(\"@/features/fc2/Gemm.matmul_rounding | /usr/local/lib/python3.8/dist-packages/concrete/ml/quantization/base_quantized_op.py\":1015:0)",
          "operation": "KEY_SWITCH"
        },
        {
          "count": 220,
          "keys": [
            [
              "BOOTSTRAP",
              0
            ]
          ],
          "location": "loc(\"@/features/fc2/Gemm.matmul_rounding | /usr/local/lib/python3.8/dist-packages/concrete/ml/quantization/base_quantized_op.py\":1015:0)",
          "operation": "PBS"
        },
        {
          "count": 220,
          "keys": [
            [
              "SECRET",
              0
            ]
          ],
          "location": "loc(\"@/features/fc2/Gemm.matmul_rounding | /usr/local/lib/python3.8/dist-packages/concrete/ml/quantization/base_quantized_op.py\":1015:0)",
          "operation": "CLEAR_ADDITION"
        },
        {
          "count": 220,
          "keys": [
            [
              "SECRET",
              0
            ]
          ],
          "location": "loc(\"@/features/fc2/Gemm.matmul_rounding | /usr/local/lib/python3.8/dist-packages/concrete/ml/quantization/base_quantized_op.py\":1015:0)",
          "operation": "ENCRYPTED_NEGATION"
        },
        {
          "count": 220,
          "keys": [
            [
              "SECRET",
              0
            ]
          ],
          "location": "loc(\"@/features/fc2/Gemm.matmul_rounding | /usr/local/lib/python3.8/dist-packages/concrete/ml/quantization/base_quantized_op.py\":1015:0)",
          "operation": "ENCRYPTED_ADDITION"
        },
        {
          "count": 220,
          "keys": [
            [
              "SECRET",
              0
            ]
          ],
          "location": "loc(\"/usr/local/lib/python3.8/dist-packages/concrete/ml/quantization/quantizers.py\":774:0)",
          "operation": "CLEAR_ADDITION"
        },
        {
          "count": 220,
          "keys": [
            [
              "KEY_SWITCH",
              1
            ]
          ],
          "location": "loc(\"/usr/local/lib/python3.8/dist-packages/concrete/ml/quantization/quantizers.py\":774:0)",
          "operation": "KEY_SWITCH"
        },
        {
          "count": 220,
          "keys": [
            [
              "BOOTSTRAP",
              1
            ]
          ],
          "location": "loc(\"/usr/local/lib/python3.8/dist-packages/concrete/ml/quantization/quantizers.py\":774:0)",
          "operation": "PBS"
        },
        {
          "count": 220,
          "keys": [
            [
              "KEY_SWITCH",
              2
            ]
          ],
          "location": "loc(\"/usr/local/lib/python3.8/dist-packages/concrete/ml/quantization/quantizers.py\":774:0)",
          "operation": "KEY_SWITCH"
        },
        {
          "count": 48400,
          "keys": [
            [
              "SECRET",
              0
            ]
          ],
          "location": "loc(\"@/features/fc3/Gemm.matmul | /usr/local/lib/python3.8/dist-packages/concrete/ml/quantization/quantized_ops.py\":381:0)",
          "operation": "CLEAR_MULTIPLICATION"
        },
        {
          "count": 48400,
          "keys": [
            [
              "SECRET",
              0
            ]
          ],
          "location": "loc(\"@/features/fc3/Gemm.matmul | /usr/local/lib/python3.8/dist-packages/concrete/ml/quantization/quantized_ops.py\":381:0)",
          "operation": "ENCRYPTED_ADDITION"
        },
        {
          "count": 220,
          "keys": [
            [
              "SECRET",
              0
            ]
          ],
          "location": "loc(\"/usr/local/lib/python3.8/dist-packages/concrete/ml/quantization/quantized_ops.py\":449:0)",
          "operation": "CLEAR_ADDITION"
        },
        {
          "count": 220,
          "keys": [
            [
              "SECRET",
              0
            ]
          ],
          "location": "loc(\"@/features/fc3/Gemm.matmul_rounding | /usr/local/lib/python3.8/dist-packages/concrete/ml/quantization/base_quantized_op.py\":1015:0)",
          "operation": "CLEAR_ADDITION"
        },
        {
          "count": 220,
          "keys": [
            [
              "SECRET",
              0
            ]
          ],
          "location": "loc(\"@/features/fc3/Gemm.matmul_rounding | /usr/local/lib/python3.8/dist-packages/concrete/ml/quantization/base_quantized_op.py\":1015:0)",
          "operation": "CLEAR_MULTIPLICATION"
        },
        {
          "count": 220,
          "keys": [
            [
              "SECRET",
              0
            ]
          ],
          "location": "loc(\"@/features/fc3/Gemm.matmul_rounding | /usr/local/lib/python3.8/dist-packages/concrete/ml/quantization/base_quantized_op.py\":1015:0)",
          "operation": "CLEAR_ADDITION"
        },
        {
          "count": 220,
          "keys": [
            [
              "KEY_SWITCH",
              0
            ]
          ],
          "location": "loc(\"@/features/fc3/Gemm.matmul_rounding | /usr/local/lib/python3.8/dist-packages/concrete/ml/quantization/base_quantized_op.py\":1015:0)",
          "operation": "KEY_SWITCH"
        },
        {
          "count": 220,
          "keys": [
            [
              "BOOTSTRAP",
              0
            ]
          ],
          "location": "loc(\"@/features/fc3/Gemm.matmul_rounding | /usr/local/lib/python3.8/dist-packages/concrete/ml/quantization/base_quantized_op.py\":1015:0)",
          "operation": "PBS"
        },
        {
          "count": 220,
          "keys": [
            [
              "SECRET",
              0
            ]
          ],
          "location": "loc(\"@/features/fc3/Gemm.matmul_rounding | /usr/local/lib/python3.8/dist-packages/concrete/ml/quantization/base_quantized_op.py\":1015:0)",
          "operation": "CLEAR_ADDITION"
        },
        {
          "count": 220,
          "keys": [
            [
              "SECRET",
              0
            ]
          ],
          "location": "loc(\"@/features/fc3/Gemm.matmul_rounding | /usr/local/lib/python3.8/dist-packages/concrete/ml/quantization/base_quantized_op.py\":1015:0)",
          "operation": "ENCRYPTED_NEGATION"
        },
        {
          "count": 220,
          "keys": [
            [
              "SECRET",
              0
            ]
          ],
          "location": "loc(\"@/features/fc3/Gemm.matmul_rounding | /usr/local/lib/python3.8/dist-packages/concrete/ml/quantization/base_quantized_op.py\":1015:0)",
          "operation": "ENCRYPTED_ADDITION"
        },
        {
          "count": 220,
          "keys": [
            [
              "SECRET",
              0
            ]
          ],
          "location": "loc(\"@/features/fc3/Gemm.matmul_rounding | /usr/local/lib/python3.8/dist-packages/concrete/ml/quantization/base_quantized_op.py\":1015:0)",
          "operation": "CLEAR_MULTIPLICATION"
        },
        {
          "count": 220,
          "keys": [
            [
              "SECRET",
              0
            ]
          ],
          "location": "loc(\"@/features/fc3/Gemm.matmul_rounding | /usr/local/lib/python3.8/dist-packages/concrete/ml/quantization/base_quantized_op.py\":1015:0)",
          "operation": "CLEAR_ADDITION"
        },
        {
          "count": 220,
          "keys": [
            [
              "KEY_SWITCH",
              0
            ]
          ],
          "location": "loc(\"@/features/fc3/Gemm.matmul_rounding | /usr/local/lib/python3.8/dist-packages/concrete/ml/quantization/base_quantized_op.py\":1015:0)",
          "operation": "KEY_SWITCH"
        },
        {
          "count": 220,
          "keys": [
            [
              "BOOTSTRAP",
              0
            ]
          ],
          "location": "loc(\"@/features/fc3/Gemm.matmul_rounding | /usr/local/lib/python3.8/dist-packages/concrete/ml/quantization/base_quantized_op.py\":1015:0)",
          "operation": "PBS"
        },
        {
          "count": 220,
          "keys": [
            [
              "SECRET",
              0
            ]
          ],
          "location": "loc(\"@/features/fc3/Gemm.matmul_rounding | /usr/local/lib/python3.8/dist-packages/concrete/ml/quantization/base_quantized_op.py\":1015:0)",
          "operation": "CLEAR_ADDITION"
        },
        {
          "count": 220,
          "keys": [
            [
              "SECRET",
              0
            ]
          ],
          "location": "loc(\"@/features/fc3/Gemm.matmul_rounding | /usr/local/lib/python3.8/dist-packages/concrete/ml/quantization/base_quantized_op.py\":1015:0)",
          "operation": "ENCRYPTED_NEGATION"
        },
        {
          "count": 220,
          "keys": [
            [
              "SECRET",
              0
            ]
          ],
          "location": "loc(\"@/features/fc3/Gemm.matmul_rounding | /usr/local/lib/python3.8/dist-packages/concrete/ml/quantization/base_quantized_op.py\":1015:0)",
          "operation": "ENCRYPTED_ADDITION"
        },
        {
          "count": 220,
          "keys": [
            [
              "SECRET",
              0
            ]
          ],
          "location": "loc(\"@/features/fc3/Gemm.matmul_rounding | /usr/local/lib/python3.8/dist-packages/concrete/ml/quantization/base_quantized_op.py\":1015:0)",
          "operation": "CLEAR_MULTIPLICATION"
        },
        {
          "count": 220,
          "keys": [
            [
              "SECRET",
              0
            ]
          ],
          "location": "loc(\"@/features/fc3/Gemm.matmul_rounding | /usr/local/lib/python3.8/dist-packages/concrete/ml/quantization/base_quantized_op.py\":1015:0)",
          "operation": "CLEAR_ADDITION"
        },
        {
          "count": 220,
          "keys": [
            [
              "KEY_SWITCH",
              0
            ]
          ],
          "location": "loc(\"@/features/fc3/Gemm.matmul_rounding | /usr/local/lib/python3.8/dist-packages/concrete/ml/quantization/base_quantized_op.py\":1015:0)",
          "operation": "KEY_SWITCH"
        },
        {
          "count": 220,
          "keys": [
            [
              "BOOTSTRAP",
              0
            ]
          ],
          "location": "loc(\"@/features/fc3/Gemm.matmul_rounding | /usr/local/lib/python3.8/dist-packages/concrete/ml/quantization/base_quantized_op.py\":1015:0)",
          "operation": "PBS"
        },
        {
          "count": 220,
          "keys": [
            [
              "SECRET",
              0
            ]
          ],
          "location": "loc(\"@/features/fc3/Gemm.matmul_rounding | /usr/local/lib/python3.8/dist-packages/concrete/ml/quantization/base_quantized_op.py\":1015:0)",
          "operation": "CLEAR_ADDITION"
        },
        {
          "count": 220,
          "keys": [
            [
              "SECRET",
              0
            ]
          ],
          "location": "loc(\"@/features/fc3/Gemm.matmul_rounding | /usr/local/lib/python3.8/dist-packages/concrete/ml/quantization/base_quantized_op.py\":1015:0)",
          "operation": "ENCRYPTED_NEGATION"
        },
        {
          "count": 220,
          "keys": [
            [
              "SECRET",
              0
            ]
          ],
          "location": "loc(\"@/features/fc3/Gemm.matmul_rounding | /usr/local/lib/python3.8/dist-packages/concrete/ml/quantization/base_quantized_op.py\":1015:0)",
          "operation": "ENCRYPTED_ADDITION"
        },
        {
          "count": 220,
          "keys": [
            [
              "SECRET",
              0
            ]
          ],
          "location": "loc(\"@/features/fc3/Gemm.matmul_rounding | /usr/local/lib/python3.8/dist-packages/concrete/ml/quantization/base_quantized_op.py\":1015:0)",
          "operation": "CLEAR_MULTIPLICATION"
        },
        {
          "count": 220,
          "keys": [
            [
              "SECRET",
              0
            ]
          ],
          "location": "loc(\"@/features/fc3/Gemm.matmul_rounding | /usr/local/lib/python3.8/dist-packages/concrete/ml/quantization/base_quantized_op.py\":1015:0)",
          "operation": "CLEAR_ADDITION"
        },
        {
          "count": 220,
          "keys": [
            [
              "KEY_SWITCH",
              0
            ]
          ],
          "location": "loc(\"@/features/fc3/Gemm.matmul_rounding | /usr/local/lib/python3.8/dist-packages/concrete/ml/quantization/base_quantized_op.py\":1015:0)",
          "operation": "KEY_SWITCH"
        },
        {
          "count": 220,
          "keys": [
            [
              "BOOTSTRAP",
              0
            ]
          ],
          "location": "loc(\"@/features/fc3/Gemm.matmul_rounding | /usr/local/lib/python3.8/dist-packages/concrete/ml/quantization/base_quantized_op.py\":1015:0)",
          "operation": "PBS"
        },
        {
          "count": 220,
          "keys": [
            [
              "SECRET",
              0
            ]
          ],
          "location": "loc(\"@/features/fc3/Gemm.matmul_rounding | /usr/local/lib/python3.8/dist-packages/concrete/ml/quantization/base_quantized_op.py\":1015:0)",
          "operation": "CLEAR_ADDITION"
        },
        {
          "count": 220,
          "keys": [
            [
              "SECRET",
              0
            ]
          ],
          "location": "loc(\"@/features/fc3/Gemm.matmul_rounding | /usr/local/lib/python3.8/dist-packages/concrete/ml/quantization/base_quantized_op.py\":1015:0)",
          "operation": "ENCRYPTED_NEGATION"
        },
        {
          "count": 220,
          "keys": [
            [
              "SECRET",
              0
            ]
          ],
          "location": "loc(\"@/features/fc3/Gemm.matmul_rounding | /usr/local/lib/python3.8/dist-packages/concrete/ml/quantization/base_quantized_op.py\":1015:0)",
          "operation": "ENCRYPTED_ADDITION"
        },
        {
          "count": 220,
          "keys": [
            [
              "SECRET",
              0
            ]
          ],
          "location": "loc(\"@/features/fc3/Gemm.matmul_rounding | /usr/local/lib/python3.8/dist-packages/concrete/ml/quantization/base_quantized_op.py\":1015:0)",
          "operation": "CLEAR_MULTIPLICATION"
        },
        {
          "count": 220,
          "keys": [
            [
              "SECRET",
              0
            ]
          ],
          "location": "loc(\"@/features/fc3/Gemm.matmul_rounding | /usr/local/lib/python3.8/dist-packages/concrete/ml/quantization/base_quantized_op.py\":1015:0)",
          "operation": "CLEAR_ADDITION"
        },
        {
          "count": 220,
          "keys": [
            [
              "KEY_SWITCH",
              0
            ]
          ],
          "location": "loc(\"@/features/fc3/Gemm.matmul_rounding | /usr/local/lib/python3.8/dist-packages/concrete/ml/quantization/base_quantized_op.py\":1015:0)",
          "operation": "KEY_SWITCH"
        },
        {
          "count": 220,
          "keys": [
            [
              "BOOTSTRAP",
              0
            ]
          ],
          "location": "loc(\"@/features/fc3/Gemm.matmul_rounding | /usr/local/lib/python3.8/dist-packages/concrete/ml/quantization/base_quantized_op.py\":1015:0)",
          "operation": "PBS"
        },
        {
          "count": 220,
          "keys": [
            [
              "SECRET",
              0
            ]
          ],
          "location": "loc(\"@/features/fc3/Gemm.matmul_rounding | /usr/local/lib/python3.8/dist-packages/concrete/ml/quantization/base_quantized_op.py\":1015:0)",
          "operation": "CLEAR_ADDITION"
        },
        {
          "count": 220,
          "keys": [
            [
              "SECRET",
              0
            ]
          ],
          "location": "loc(\"@/features/fc3/Gemm.matmul_rounding | /usr/local/lib/python3.8/dist-packages/concrete/ml/quantization/base_quantized_op.py\":1015:0)",
          "operation": "ENCRYPTED_NEGATION"
        },
        {
          "count": 220,
          "keys": [
            [
              "SECRET",
              0
            ]
          ],
          "location": "loc(\"@/features/fc3/Gemm.matmul_rounding | /usr/local/lib/python3.8/dist-packages/concrete/ml/quantization/base_quantized_op.py\":1015:0)",
          "operation": "ENCRYPTED_ADDITION"
        },
        {
          "count": 220,
          "keys": [
            [
              "SECRET",
              0
            ]
          ],
          "location": "loc(\"@/features/fc3/Gemm.matmul_rounding | /usr/local/lib/python3.8/dist-packages/concrete/ml/quantization/base_quantized_op.py\":1015:0)",
          "operation": "CLEAR_MULTIPLICATION"
        },
        {
          "count": 220,
          "keys": [
            [
              "SECRET",
              0
            ]
          ],
          "location": "loc(\"@/features/fc3/Gemm.matmul_rounding | /usr/local/lib/python3.8/dist-packages/concrete/ml/quantization/base_quantized_op.py\":1015:0)",
          "operation": "CLEAR_ADDITION"
        },
        {
          "count": 220,
          "keys": [
            [
              "KEY_SWITCH",
              0
            ]
          ],
          "location": "loc(\"@/features/fc3/Gemm.matmul_rounding | /usr/local/lib/python3.8/dist-packages/concrete/ml/quantization/base_quantized_op.py\":1015:0)",
          "operation": "KEY_SWITCH"
        },
        {
          "count": 220,
          "keys": [
            [
              "BOOTSTRAP",
              0
            ]
          ],
          "location": "loc(\"@/features/fc3/Gemm.matmul_rounding | /usr/local/lib/python3.8/dist-packages/concrete/ml/quantization/base_quantized_op.py\":1015:0)",
          "operation": "PBS"
        },
        {
          "count": 220,
          "keys": [
            [
              "SECRET",
              0
            ]
          ],
          "location": "loc(\"@/features/fc3/Gemm.matmul_rounding | /usr/local/lib/python3.8/dist-packages/concrete/ml/quantization/base_quantized_op.py\":1015:0)",
          "operation": "CLEAR_ADDITION"
        },
        {
          "count": 220,
          "keys": [
            [
              "SECRET",
              0
            ]
          ],
          "location": "loc(\"@/features/fc3/Gemm.matmul_rounding | /usr/local/lib/python3.8/dist-packages/concrete/ml/quantization/base_quantized_op.py\":1015:0)",
          "operation": "ENCRYPTED_NEGATION"
        },
        {
          "count": 220,
          "keys": [
            [
              "SECRET",
              0
            ]
          ],
          "location": "loc(\"@/features/fc3/Gemm.matmul_rounding | /usr/local/lib/python3.8/dist-packages/concrete/ml/quantization/base_quantized_op.py\":1015:0)",
          "operation": "ENCRYPTED_ADDITION"
        },
        {
          "count": 220,
          "keys": [
            [
              "SECRET",
              0
            ]
          ],
          "location": "loc(\"/usr/local/lib/python3.8/dist-packages/concrete/ml/quantization/quantizers.py\":774:0)",
          "operation": "CLEAR_ADDITION"
        },
        {
          "count": 220,
          "keys": [
            [
              "KEY_SWITCH",
              1
            ]
          ],
          "location": "loc(\"/usr/local/lib/python3.8/dist-packages/concrete/ml/quantization/quantizers.py\":774:0)",
          "operation": "KEY_SWITCH"
        },
        {
          "count": 220,
          "keys": [
            [
              "BOOTSTRAP",
              1
            ]
          ],
          "location": "loc(\"/usr/local/lib/python3.8/dist-packages/concrete/ml/quantization/quantizers.py\":774:0)",
          "operation": "PBS"
        },
        {
          "count": 1100,
          "keys": [
            [
              "SECRET",
              2
            ]
          ],
          "location": "loc(\"@/features/fc4/Gemm.matmul | /usr/local/lib/python3.8/dist-packages/concrete/ml/quantization/quantized_ops.py\":381:0)",
          "operation": "CLEAR_MULTIPLICATION"
        },
        {
          "count": 1100,
          "keys": [
            [
              "SECRET",
              2
            ]
          ],
          "location": "loc(\"@/features/fc4/Gemm.matmul | /usr/local/lib/python3.8/dist-packages/concrete/ml/quantization/quantized_ops.py\":381:0)",
          "operation": "ENCRYPTED_ADDITION"
        }
      ],
      "totalInputsSize": 1320,
      "totalOutputsSize": 163880
    }
  ],
  "complexity": 545440318940,
  "globalPError": 6.3291720167624342e-10,
  "pError": 6.832590681440049e-13,
  "totalBootstrapKeysSize": 695189504,
  "totalKeyswitchKeysSize": 390758400,
  "totalSecretKeysSize": 83560
}